age,gender,name
young,male,小李
young,male,阿杰
young,male,小王
young,male,阿明
young,male,小陈
young,male,阿伟
young,female,小美
young,female,阿芳
young,female,小红
young,female,阿静
young,female,小丽
young,female,阿敏
middle,male,张先生
middle,male,李师傅
middle,male,王老板
middle,male,刘经理
middle,male,陈先生
middle,male,周师傅
middle,female,张女士
middle,female,李阿姨
middle,female,王太太
middle,female,刘小姐
middle,female,陈女士
middle,female,周阿姨
elderly,male,张老
elderly,male,李大爷
elderly,male,王老伯
elderly,male,刘老
elderly,male,陈大爷
elderly,male,周老伯
elderly,female,张奶奶
elderly,female,李老太
elderly,female,王婆婆
elderly,female,刘奶奶
elderly,female,陈老太
elderly,female,周婆婆
