ID,Name_Default,Name_Restored,Name_Reforged,Category,Real_Value,Visual_Value,Uncertainty,Init_State_Tags,Attr_Tags,Hidden_Traits,Know_Cap,Desc_Default,Desc_Restored,Desc_Reforged,Name_Counterfeit,Desc_Counterfeit,Fit_Tags,Filler_Pool
_default,未命名物品,修复后的物品,重铸后的物品,杂项,100,100,0.3,,,, 60,一件普通的物品。,经过修复的物品。,经过重铸的物品。,伪造后的物品,经过伪造处理的物品。,,false
item_watch_01,停摆的旧表,精工润滑的怀表,珐琅彩绘怀表,钟表,500,500,0.3,BROKEN,MECHANICAL;VINTAGE_REAL,trait_engraving,100,一块老式怀表，指针停在三点整，表壳上有岁月的痕迹。,机芯经过精心养护，指针走时精准，黄铜表壳散发出温润的光泽。,表壳经过艺术珐琅彩绘装饰，机芯加装了月相功能，兼具实用与观赏价值。,维多利亚时期金表,表壳内侧隐约可见皇室徽记，这是一块有故事的古董。,elderly;middle;SENTIMENTAL,true
item_ring_01,蒙尘的戒指,抛光银戒,宝石镶嵌银戒,首饰,300,350,0.25,DIRTY,GOLD;SENTIMENTAL,trait_inscription,80,一枚银质戒指，表面蒙着灰尘，但能感受到它的分量。,戒指经过抛光，银面如镜，内圈刻着的字迹清晰可见。,戒面重新镶嵌了一颗切割精良的半宝石，银面经过拉丝工艺处理，质感大幅提升。,名门传家宝,据考证这是某个名门望族的传家之物，有着百年历史。,elderly;female;SENTIMENTAL,true
item_painting_01,褪色的油画,修复的风景画,重新装帧的艺术画,艺术品,800,600,0.4,DIRTY;RUSTED,ARTISTIC;VINTAGE_REAL,trait_signature;trait_hidden_layer,150,画框斑驳，画面颜色已经褪去大半，但构图依然优美。,清洗修复后，画面重现昔日风采，笔触细腻，意境深远。,更换为手工雕花实木画框，配以博物馆级无反射玻璃，画面呈现效果焕然一新。,失落大师真迹,经专家鉴定，这是一幅失传已久的大师早期作品。,elderly;middle;decent;fancy,true
item_vase_01,裂纹花瓶,修补古瓷,金缮艺术花瓶,古董,1200,1000,0.35,BROKEN,ARTISTIC;VINTAGE_REAL,trait_kiln_mark,120,青花瓷瓶身有一道细微的裂纹，但釉色依然温润。,裂纹经金缮工艺修补，反而增添了一份残缺之美。,以纯金金缮工艺将裂纹转化为装饰纹路，配以定制红木底座，残缺之美升华为艺术品。,官窑珍品,底款证实这是清代官窑出品，存世极少。,elderly;decent;fancy,true
item_book_01,虫蛀旧书,精装古籍,影印批注珍藏版,书籍,200,180,0.2,BROKEN;DIRTY,VINTAGE_REAL;SENTIMENTAL,trait_margin_notes,60,书页发黄，边角有虫蛀痕迹，但字迹依然清晰。,经过脱酸处理和重新装订，这本古籍重获新生。,重新制作精装函套，附加批注索引和解读小册，提升为研究级珍藏版本。,孤本善本,经考证，这是某部典籍的唯一存世版本。,elderly;middle,true
item_watch_gambler,金标手表,保养后的金表,定制表盘金表,钟表,400,450,0.3,DIRTY,MECHANICAL;GOLD,trait_water_damage,80,表面有划痕，表带有些松动，但分量很足。机芯声音浑浊，可能是进过水。,经过专业保养，机芯恢复清脆，表壳重新抛光。,更换为手工雕刻表盘，搭配鳄鱼皮表带，整体质感大幅提升。,名牌限量款,经鉴定为某奢侈品牌早期限量款，极具收藏价值。,middle;fancy;male,true
item_console_student,便携游戏机,翻新游戏机,改装增强版,电子产品,1000,1200,0.2,,MECHANICAL;TRENDY,,60,屏幕贴膜完好，按键回弹清脆。系统已被重置，账号已登出。,经过深度清洁和系统优化，性能如新。,加装高清屏幕模组和定制外壳，手感和画面表现均大幅升级。,珍藏限定版,这是某款游戏的联名限定版，全球限量发售。,young;plain;shabby,true
item_diamond_mystery,裸钻,净度提升钻石,精切八心八箭钻,珠宝,3000,2500,0.4,,GOLD;ARTISTIC,trait_serial_scratched,120,一颗约1克拉的裸钻，切工精湛。腰码被刻意磨损了。,经过重新切割，净度和火彩都有所提升。,由资深切割师重新精切为完美八心八箭，火彩和闪耀度达到顶级水准。,传奇名钻,据说这颗钻石曾属于某位传奇人物，有着神秘的过往。,fancy;decent,true
emma_item_clothes,名牌职业套装,干洗职业套装,改良剪裁套装,服饰,1200,1200,0.25,,TRENDY;SENTIMENTAL,trait_emma_dryclean;trait_emma_inkstain,80,当季新款的高定职业套装，用料考究。,经过专业干洗和熨烫，衣服焕然一新。,由裁缝重新修改版型和细节，加入手工盘扣和内衬升级，更加合体精致。,设计师定制款,经鉴定为某设计师早期定制款，极具收藏价值。,,false
emma_item_skincare,贵妇面霜礼盒,保鲜护肤套装,精装礼盒套装,奢侈品,600,600,0.3,,TRENDY,trait_emma_expiry;trait_emma_spoon,60,一套未拆封的高级护肤品，包装精美。,经过重新密封保存，品质依旧。,重新包装为豪华礼盒版，配以丝绒内衬和手写贺卡，送礼档次大幅提升。,限量珍藏版,这是某品牌已停产的限量版，市面难寻。,,false
emma_item_laptop,轻薄笔记本,翻新笔记本,高配升级笔记本,电子产品,1500,1500,0.2,,MECHANICAL;SENTIMENTAL,trait_emma_portfolio;trait_emma_battery,100,贴满贴纸的旧款笔记本，键盘磨损严重。,经过硬件升级和系统重装，性能大幅提升。,加装固态硬盘和扩展内存，外壳定制喷涂，性能与外观均焕然一新。,珍藏版笔记本,这是某品牌纪念款笔记本，限量发售。,,false
emma_item_watch,男士机械表,保养机械表,镂空雕花机械表,钟表,800,800,0.3,BROKEN,MECHANICAL;VINTAGE_REAL,trait_emma_engrave,80,一块看起来有些年头的男表，表带断了一半。,经过专业保养，机芯恢复正常，表带更换一新。,表盘改为镂空设计，可欣赏机芯运作之美，搭配手工缝制皮表带。,古董名表,经鉴定为某瑞士品牌早期款，极具收藏价值。,,false
zhao_item_medal,一等功勋章,修复勋章,镶框陈列勋章,古玩,8000,8000,0.3,,VINTAGE_REAL;SENTIMENTAL,trait_zhao_ribbon;trait_zhao_name;trait_zhao_rare,150,一枚沉甸甸的军功章，珐琅面有裂纹。,经过专业修复，珐琅面恢复光泽。,配以定制展示框和背景绒布，附手写说明卡片，适合博物馆级陈列。,稀世军功章,经伪造出处文件，将其包装为某著名战役中授予的极早期批次，存世仅个位数。,,false
zhao_item_cert,立功证书与合影,修复证书,装帧陈列档案,古玩,2000,2000,0.2,,VINTAGE_REAL;SENTIMENTAL,trait_zhao_list,100,一套完整的纸质文件，证书边缘手写着密密麻麻的名单。,经过脱酸处理和专业装裱，文件保存完好。,以博物馆级装帧方式制作展示册，配以无酸衬纸和防紫外线封面，适合永久保存。,珍贵历史档案,经伪造背书文件，将其包装为涉及重大历史事件的机密档案，具有极高的文献价值。,,false
lin_item_watch,古董机械表,保养古董表,精修鉴证古董表,钟表,150000,300,0.5,DIRTY,MECHANICAL;VINTAGE_REAL,trait_lin_rare;trait_lin_scratch,200,表盘泛黄，看起来像地摊货。,经过专业保养，机芯恢复精准。,经专业制表师全面精修，配以原厂规格表带和鉴证书，性能与品相均达收藏级。,传奇名表,伪造鉴定证书和来源档案，将其包装为劳力士"保罗纽曼"迪通拿，传奇名表，价值连城。,,false
susan_item_bag,鳄鱼皮铂金包,清洁铂金包,,奢侈品,200,80000,0.4,,TRENDY;ARTISTIC,trait_susan_stitch;trait_susan_glue,80,色泽光亮，五金件闪耀。,经过专业清洁和保养，皮质恢复光泽。,,限量铂金包,做旧处理五金件并伪造序列号，将高仿A货包装为正品限量款。,,false
item_violin_01,蒙尘的小提琴,调音修复的提琴,手工镶嵌装饰琴,乐器,800,600,0.35,DIRTY;BROKEN,ARTISTIC;VINTAGE_REAL,trait_luthier_label,120,琴身布满灰尘，琴弦断了两根，但木纹细腻。,更换新弦后音色温润，共鸣腔保养完好。,琴头雕刻精修，弦轴更换为黄杨木手工件，尾枕镶嵌贝母装饰，音色与外观兼具。,名家演奏琴,琴身内伪造了某意大利制琴师的手写标签，冒充名家手作。,elderly;middle;decent,true
item_guitar_01,旧木吉他,调整后的民谣吉他,镶嵌贝壳装饰吉他,乐器,500,400,0.3,DIRTY,ARTISTIC;SENTIMENTAL,trait_autograph,100,品丝有磨损痕迹，琴身有几处划痕，但音色依然清亮。,调整琴颈弧度后手感极佳，音色圆润。,指板镶嵌贝壳图案，琴身打磨上漆，品丝全部更换为不锈钢材质，手感与音色俱佳。,传奇歌手遗物,琴身内伪造了某著名民谣歌手的签名，冒充名人遗物。,young;middle;plain,true
item_camera_01,老旧胶片相机,清洁保养的相机,改装测光相机,相机,600,450,0.4,DIRTY,MECHANICAL;VINTAGE_REAL,trait_serial_plate,100,镜头有轻微霉斑，快门声音沙哑。,镜头清洗后通透，快门修复后清脆利落。,加装外置测光表和手柄，快门帘更换为钛合金材质，实用性大幅提升。,徕卡珍藏版,伪造序列号铭牌，将其包装为徕卡早期限量版，极具收藏价值。,elderly;middle;decent,true
item_camera_02,双反相机,翻新双反相机,皮饰翻新双反,相机,400,350,0.25,DIRTY;BROKEN,MECHANICAL;VINTAGE_REAL,,80,取景器模糊，皮革蒙皮开裂。,蒙皮更换后手感极佳，光路重新校准。,更换为手工鸵鸟皮蒙皮，加装遮光罩和快装板，外观独特且实用性增强。,海鸥经典款,伪造铭牌和出厂编号，将其包装为早期国产相机精品，品相罕见。,elderly;SENTIMENTAL,true
item_stamp_01,一册旧邮票,整理后的邮册,精装鉴赏邮册,收藏品,300,200,0.45,DIRTY,VINTAGE_REAL;SENTIMENTAL,trait_printing_error,80,邮册发黄，部分邮票有折痕。,经过重新整理装帧，邮票保存完好。,以集邮鉴赏级标准重新装帧，配以放大镜和详细解说卡，提升为专业收藏册。,珍稀错版票,伪造印刷瑕疵，将其中一枚普通邮票做成著名的错版票，存世极少。,elderly,true
item_coin_01,旧铜钱一串,清理后的古钱,装裱鉴赏古泉,收藏品,400,250,0.5,DIRTY,VINTAGE_REAL,trait_mold_coin,100,铜绿斑驳，部分字迹模糊。,清理后包浆自然，字口清晰。,精选品相最佳者装裱于锦盒中，配以拓片和鉴定标签，提升为鉴赏级藏品。,宋代铁母,伪造包浆和字口特征，将其中一枚普通铜钱做成铸钱用的铁母，冒充高价值品。,elderly;middle,true
item_figure_01,旧手办,修复的限定手办,重涂艺术版手办,收藏品,200,180,0.2,DIRTY;BROKEN,TRENDY,trait_numbered,60,关节松动，涂装有掉漆。,经过重新上色和关节修复，品相如新。,由模型师手工重新上色，采用渐变喷涂和旧化工艺，效果远超量产版。,绝版限定品,伪造编号标签和包装盒，将其包装为某动漫周边首发限定版，早已绝版。,young;plain,true
item_bag_01,旧皮质手包,清洁保养手包,手工改色皮包,皮具,500,400,0.3,DIRTY,TRENDY;SENTIMENTAL,trait_date_code,80,五金件有氧化，皮面有使用痕迹。,清洁保养后皮质恢复光泽。,经过手工调色和边油重修，五金件更换为黄铜复古款，整体风格焕然一新。,中古奢侈包,伪造日期码和品牌标识，将其包装为某品牌早期限量款。,female;middle;decent,true
item_wallet_01,旧皮夹,保养后的皮夹,手工缝线皮夹,皮具,150,120,0.2,DIRTY,SENTIMENTAL,trait_monogram,50,边缘磨损，内衬有污渍。,清洁保养后质感柔软。,以马鞍针法手工重新缝合边缘，更换高级内衬，质感大幅提升。,手工定制皮夹,伪造手工烫印的定制字样，冒充名匠定制品。,male;middle,true
item_whisky_01,老威士忌,保存完好的威士忌,精装礼盒威士忌,酒类,800,600,0.4,,VINTAGE_REAL,trait_cask_number,100,酒标略有磨损，液面有轻微下降。,经过专业酒窖保存，品质稳定。,配以手工木质礼盒和品鉴手册，适合作为高端礼品呈现。,珍稀单桶原酒,伪造桶号标签和酒厂证书，将其包装为某酒厂限量单桶装瓶，存世极少。,middle;fancy;male,true
item_maotai_01,老茅台,品相完好的茅台,鉴证封装茅台,酒类,1500,1200,0.35,,VINTAGE_REAL;SENTIMENTAL,trait_vintage_year,120,酒瓶封口完好，酒线正常。,经过专业鉴定，确认年份真实。,附加专业鉴定封签和恒温存储证明，提升为投资级收藏品。,陈年飞天茅台,伪造出厂日期和批次号，将其包装为八十年代出厂的陈年佳酿。,elderly;middle;fancy,true
item_inkstone_01,旧砚台,清洗后的端砚,配座题铭砚,文房,400,300,0.4,DIRTY,VINTAGE_REAL;ARTISTIC,trait_pit_mark,100,砚面有墨渍，边缘有磕碰。,清洗后石质细腻，发墨极佳。,配以紫檀木底座，砚背由书法家题写铭文，文房气韵倍增。,名坑老坑砚,伪造坑口标记和鉴定书，将其包装为端溪老坑石，冒充极品。,elderly;decent,true
item_seal_01,旧印章,清理后的寿山石印,新刻闲章印,文房,350,280,0.35,DIRTY,ARTISTIC;SENTIMENTAL,trait_carver_mark,90,印面有残墨，钮部有轻微磨损。,清理后石质温润，印文清晰。,由篆刻师重新设计并篆刻新印面，配以锦盒和印泥，实用与艺术兼具。,名家篆刻印,伪造边款刀法，将其包装为某金石名家所刻，冒充名作。,elderly;middle,true
item_necklace_01,发黑的项链,抛光银项链,镶嵌改良项链,首饰,450,380,0.3,DIRTY,GOLD;SENTIMENTAL,trait_filler_jewelry_bargain,90,银链发黑，坠子被油污遮盖，款式看起来有些年头。,抛光后银面雪亮，坠子上的宝石闪烁着冷冽的光。,坠子重新包镶并加固底座，链身焊接加粗，整体更加牢固精致。,宫廷风珠宝,伪造做旧痕迹和风格特征，将其包装为清代宫廷风格珠宝。,female;elderly;decent,true
item_bracelet_01,褪色手镯,保养翡翠镯,精抛亮光翡翠镯,首饰,600,500,0.35,DIRTY,GOLD;VINTAGE_REAL,trait_filler_jewelry_mistake,100,翡翠手镯表面有些发乌，光泽暗淡，似乎放了很久。,经过仔细清洁保养，玉质渐渐通透起来。,经过专业精抛处理，表面光洁度提升至镜面级，水头和透光性显著改善。,老坑冰种镯,伪造鉴定证书，将其包装为老坑出的冰种翡翠，冒充高档品。,female;elderly;middle;decent,true
item_inkpainting_01,卷轴水墨画,装裱水墨画,博物馆级装裱画,艺术品,700,500,0.4,DIRTY,ARTISTIC;VINTAGE_REAL,trait_filler_art_bargain,140,画轴泛黄发霉，展开后画面有些模糊，但笔墨颇有气韵。,重新装裱后画面清晰，墨色层次分明，气势磅礴。,以宋式手卷规格重新装裱，选用古色绢面和紫檀轴头，呈现效果大幅提升。,名家山水卷,伪造鉴藏印和题跋，将其包装为某近代山水名家的早期作品。,elderly;decent;fancy,true
item_buddha_01,铜佛像,清理铜佛,贴金修饰铜佛,古董,1500,1100,0.4,DIRTY;RUSTED,VINTAGE_REAL;ARTISTIC,trait_filler_antique_bargain,130,铜佛通体铜绿，面目模糊，底座有一层厚厚的锈迹。,清除锈迹后铜质温润，佛像面容慈悲，线条流畅。,以传统贴金工艺为佛像局部鎏金，底座重新打磨上漆，庄严感倍增。,明代鎏金佛,伪造底座铭文和做旧包浆，将其包装为明代鎏金铜佛，冒充古物。,elderly;decent;SENTIMENTAL,true
item_threadbook_01,虫蛀线装书,修复线装书,影印批校线装本,书籍,250,200,0.3,BROKEN;DIRTY,VINTAGE_REAL,trait_filler_book_bargain,80,书页虫蛀严重，线装散开，但刻版字迹工整。,重新穿线装订后，书页平整，字迹清晰可读。,以手工宣纸影印缺页补全，加入学者批校注释，制成完整的研究用本。,宋版珍本,伪造版本特征和藏书印，将其包装为宋刻本残卷，冒充极品。,elderly;middle,true
item_phone_01,旧款手机,翻新手机,定制改装手机,电子产品,600,700,0.25,,MECHANICAL;TRENDY,trait_filler_electronics_mistake,70,屏幕有些划痕，外壳磨损，但开机流畅。,更换屏幕保护膜后焕然一新，系统运行顺畅。,更换定制后壳并优化系统，加装额外存储，性能和外观均有提升。,限定配色款,伪造型号标识，将其包装为某品牌与设计师联名的限定配色款。,young;middle;plain;shabby,true
item_jade_pendant_01,浑浊玉坠,通透玉佩,金扣镶嵌玉坠,珠宝,1800,1500,0.4,DIRTY,GOLD;VINTAGE_REAL,trait_filler_jewelry_bargain,110,玉坠表面蒙着一层厚重的油泥，透光性很差。,仔细清洗后玉质温润细腻，隐约有油脂光泽。,配以手工錾刻的足金扣头和丝绳，玉石与金属交相辉映，佩戴效果极佳。,和田籽料坠,伪造皮色和毛孔特征，将其包装为新疆和田籽料，冒充顶级玉料。,elderly;middle;decent;fancy,true
item_qipao_01,褪色旗袍,修复旗袍,改良新中式旗袍,服饰,500,400,0.35,DIRTY,VINTAGE_REAL;ARTISTIC,trait_filler_clothing_bargain,90,丝绸面料褪色发黄，盘扣有些松动，但裁剪精致。,经过专业修复和染色还原，旗袍光彩重现。,由裁缝改良版型为新中式风格，更换手工盘扣，加入现代元素同时保留古韵。,民国名媛定制旗袍,伪造裁缝标记和面料来源，将其包装为民国时期上海名裁缝定制，面料为法国进口丝绸。,female;elderly;decent;fancy,true
item_jacket_01,磨损皮夹克,保养皮衣,铆钉改装皮衣,服饰,350,300,0.25,DIRTY,TRENDY;SENTIMENTAL,trait_filler_clothing_mistake,70,皮面有多处擦痕，拉链有些涩，内衬起球。,经过皮革保养和拉链更换，质感恢复柔软。,加装黄铜铆钉和定制拉链头，内衬更换为丝绸面料，朋克风格与舒适度兼具。,摇滚传奇外套,伪造内衬签名，将其包装为曾属于某位摇滚乐手的演出服。,young;middle;male;plain,true
item_watchbox_01,落灰的表盒,清洁名表盒,改装展示表盒,奢侈品,400,350,0.3,DIRTY,TRENDY;MECHANICAL,trait_filler_luxury_bargain,80,木质表盒落满灰尘，铰链有些松动，但内衬完好。,清洁后木纹细腻，五金件恢复光泽，内衬平整如新。,更换铰链为静音款，内衬升级为麂皮材质，加装自动上链转台功能。,限量收藏套装,伪造品牌标识和限量编号，将其包装为某顶级腕表品牌限量收藏套装的原装盒。,male;middle;decent;fancy,true
item_scarf_01,起球丝巾,清洗丝巾,手绘加工丝巾,奢侈品,300,250,0.25,DIRTY,TRENDY;ARTISTIC,trait_filler_luxury_mistake,70,丝巾有些起球，折痕明显，颜色尚算鲜艳。,经专业清洗后丝质柔滑，图案色彩饱满。,由画师在丝巾边角手绘点缀纹样，增添独一无二的艺术气息。,大师联名限定丝巾,伪造品牌标签和联名标识，将其包装为某奢侈品牌与艺术大师的联名限定款。,female;middle;decent;fancy,true
item_bronze_mirror_01,锈蚀铜镜,清理铜镜,配座陈列铜镜,古玩,1000,700,0.45,DIRTY;RUSTED,VINTAGE_REAL;ARTISTIC,trait_filler_curio_bargain,120,镜面锈蚀严重，纹饰几乎看不清，分量沉重。,清除锈迹后纹饰渐显，线条精美，铸造精良。,配以黄花梨木展示架和亚克力保护罩，纹饰清晰呈现，适合陈列鉴赏。,唐代海兽葡萄镜,伪造铜质成分和做旧包浆，将其包装为唐代海兽葡萄纹铜镜。,elderly;decent,true
item_jade_tablet_01,灰蒙玉牌,盘玩玉牌,精雕补工玉牌,古玩,800,600,0.4,DIRTY,VINTAGE_REAL;ARTISTIC,trait_filler_curio_mistake,110,玉牌表面灰蒙蒙的，雕工看着还算细致。,经过仔细盘玩，玉质逐渐温润，雕工清晰可辨。,由玉雕师精修细节，补刻边饰纹样，配以手编绳结，兼具佩戴与赏玩功能。,乾隆工玉牌,伪造年代特征和刀法风格，将其包装为乾隆年间宫廷玉匠所制。,elderly;middle;decent,true
item_pocketwatch_01,锈住的怀表,修复机械怀表,蒸汽朋克改装怀表,钟表,350,300,0.3,BROKEN;DIRTY,MECHANICAL;VINTAGE_REAL,trait_filler_watch_bargain,90,怀表盖子锈得打不开，链子断了几节，从缝隙里能看到精密的齿轮。,机芯除锈润滑后走时精准，银质表壳重新抛光，怀旧感十足。,表盖加装透明视窗展示机芯，链条更换为黄铜齿轮造型，蒸汽朋克风格独具一格。,百年铁路怀表,伪造铁路局铭文和出厂标记，将其包装为十九世纪末铁路员工专用怀表。,elderly;middle;SENTIMENTAL,true
item_sportswatch_01,划痕运动表,翻新潜水表,改装专业潜水表,钟表,700,800,0.25,DIRTY,MECHANICAL;TRENDY,trait_filler_watch_mistake,80,表圈刮花严重，夜光刻度已经衰退，但防水圈看着还行。,更换表圈和表带后焕然一新，防水性能恢复良好。,升级为陶瓷表圈和钛合金表带，夜光涂层重新涂覆，专业潜水性能大幅增强。,军用特供表,伪造军方编号和特供标识，将其包装为某国军方特供款，民间从未公开发售。,male;middle;young,true
item_brooch_01,暗淡的胸针,抛光宝石胸针,珐琅彩绘胸针,首饰,250,200,0.3,DIRTY,GOLD;ARTISTIC,trait_filler_jewelry_bargain,80,胸针造型是一只蜻蜓，翅膀上镶嵌的小石头灰蒙蒙的。,抛光后金属部分闪闪发亮，镶嵌的宝石折射出迷人的光彩。,蜻蜓翅膀加施珐琅彩绘，色彩斑斓如真翅，艺术表现力大幅提升。,新艺术时期珍品,伪造年代风格和制作标记，将其包装为新艺术运动时期的珠宝大师之作。,female;elderly;decent,true
item_earring_01,缺一只的耳环,配对银耳环,改款吊坠耳饰,首饰,180,150,0.2,BROKEN,GOLD;SENTIMENTAL,trait_filler_jewelry_mistake,60,只剩一只耳环，银质发黑，但造型别致，坠子有细密的花纹。,找到配对后银面抛光如新，珐琅彩色泽鲜艳。,将单只耳环改造为精致吊坠，配以新链条，独特设计反而成为亮点。,古董珐琅耳饰,伪造年代特征和宫廷标记，将其包装为清末宫廷匠人制作的掐丝珐琅耳饰。,female;elderly,true
item_amber_01,浑浊琥珀坠,通透琥珀吊坠,银丝缠绕琥珀饰,珠宝,1600,1300,0.35,DIRTY,GOLD;VINTAGE_REAL,trait_filler_jewelry_bargain,100,琥珀表面蒙了一层污垢，颜色发暗，隐约能看到里面有东西。,清洁后琥珀通透温润，内含物若隐若现。,以银丝缠绕工艺制作底托，配以手工编织蜡绳，突出琥珀天然之美。,波罗的海虫珀,伪造内含物鉴定报告，将其包装为含有完整远古昆虫的珍贵波罗的海虫珀。,female;middle;decent,true
item_pearl_01,泛黄珍珠串,清洁珍珠项链,渐变排列珍珠链,珠宝,2200,1800,0.4,DIRTY,GOLD;ARTISTIC,trait_filler_jewelry_mistake,120,珍珠颜色发黄发暗，线绳有些松弛，但颗粒大小匀称。,逐颗清洁后珠光重现，重新穿线打结，佩戴牢固。,按色泽和大小精心排列为渐变序列，配以手工金扣，呈现优雅的层次感。,南洋金珠链,伪造产地检测报告，将其包装为天然南洋金珠，冒充顶级珍珠。,female;decent;fancy,true
item_woodprint_01,破损版画,修复木版画,手工着色版画,艺术品,500,350,0.35,BROKEN;DIRTY,ARTISTIC;VINTAGE_REAL,trait_filler_art_mistake,100,画面边缘有撕裂，颜色晕开了一部分，但线条依然有力。,经过专业修补和压平处理，画面重新完整呈现。,由版画师以矿物颜料手工着色，赋予黑白版画全新的视觉生命力。,浮世绘名作,伪造刻印标记和出版信息，将其包装为江户时期浮世绘名家原版。,elderly;middle;decent,true
item_sculpture_01,蒙灰小铜像,清洁铜雕塑,抛光上色铜雕,艺术品,1100,900,0.35,DIRTY;RUSTED,ARTISTIC;VINTAGE_REAL,trait_filler_art_bargain,130,小型铜雕布满灰尘和铜绿，造型抽象，底座有些歪斜。,清除铜绿后线条流畅，金属质感沉稳，底座修正后稳固。,表面经过精细抛光和氧化着色处理，配以大理石底座，展示效果更加专业。,名家铜雕原作,伪造创作档案和展览记录，将其包装为某现代雕塑大师的早期作品。,middle;decent;fancy,true
item_snuffbottle_01,磨损鼻烟壶,清洁鼻烟壶,配座精装鼻烟壶,古董,900,700,0.4,DIRTY,VINTAGE_REAL;ARTISTIC,trait_filler_antique_bargain,120,壶身磨损严重，内壁隐约有图案但看不太清。,清洁后壶身光滑，内壁的微型画作清晰可辨。,配以红木底座和锦盒，壶口加装象牙色盖子，整体呈现博物馆级收藏品质。,御制内画壶,伪造宫廷御用标记和名家落款，将其包装为清宫御用内画鼻烟壶。,elderly;decent;fancy,true
item_cloisonne_01,掉釉景泰蓝,修复景泰蓝,补釉增彩景泰蓝,古董,1800,1400,0.4,BROKEN;DIRTY,VINTAGE_REAL;ARTISTIC,trait_filler_antique_mistake,140,瓶身有几处珐琅脱落，露出铜胎，整体色彩依然斑斓。,脱落部分经专业填补修复，色彩浑然一体。,以传统珐琅工艺补施新色，局部增添金丝勾勒，色彩层次更加丰富。,宫廷景泰蓝瓶,伪造底款和年代特征，将其包装为明代宫廷御制景泰蓝。,elderly;decent;fancy;SENTIMENTAL,true
item_foreignbook_01,霉斑洋装书,修复精装书,皮面烫金精装书,书籍,150,120,0.25,DIRTY,VINTAGE_REAL;SENTIMENTAL,trait_filler_book_mistake,60,硬皮封面有霉斑，书脊开裂，但内页品相尚可。,清除霉斑后封面恢复质感，重新加固书脊。,更换为小牛皮封面并烫金压纹，书口刷金，提升为典藏级精装本。,初版签名本,伪造作者签名和版次信息，将其包装为某诺贝尔奖作家的初版签名本。,middle;decent,true
item_medbook_01,残破医书,修补药典,校注药典,书籍,300,250,0.35,BROKEN;DIRTY,VINTAGE_REAL,trait_filler_book_bargain,90,线装医书缺了封面，但内页的药方插图绘制精细。,修补封面和脱落页后，药方内容完整可读。,由中医师逐方校注并标注现代药名对照，提升为可实际参考的专业文献。,御医手抄本,伪造太医院印记和御医名款，将其包装为清代太医院御医的私人手抄本。,elderly;middle,true
item_harmonica_01,生锈口琴,清洁口琴,调音改良口琴,乐器,200,150,0.2,DIRTY;RUSTED,MECHANICAL;SENTIMENTAL,trait_filler_instrument_mistake,60,金属簧片有些生锈，琴身刻字模糊，但吹起来还能出声。,除锈打磨后音色恢复清亮，琴身刻字清晰可见。,簧片重新调校音准，琴格密封处理提升气密性，音色更加圆润饱满。,名家定制口琴,伪造琴身刻字和定制编号，将其包装为某口琴大师定制款。,middle;plain;SENTIMENTAL,true
item_erhu_01,断弦二胡,调弦后的二胡,改良共鸣二胡,乐器,600,500,0.3,BROKEN,ARTISTIC;VINTAGE_REAL,trait_filler_instrument_bargain,100,琴弦断了，蟒皮微微松弛，但琴杆木料纹路漂亮。,更换琴弦和调整蟒皮张力后，音色苍劲悠远。,更换高级蟒皮并加装微调器，琴码选用精制竹码，共鸣效果显著提升。,名家珍藏二胡,伪造琴杆内侧题款，将其包装为某二胡演奏名家的亲笔题款琴。,elderly;middle;decent,true
item_polaroid_01,卡壳拍立得,修复即时相机,改装创意相机,相机,300,350,0.2,BROKEN,MECHANICAL;TRENDY,trait_filler_camera_mistake,70,出片口卡住了，镜头有些雾化，机身布满贴纸。,修复出片机构和清洁镜头后，能正常拍照了。,加装外接闪光灯热靴和手柄，镜头加装近摄镜片，创意拍摄功能大幅拓展。,限量联名款相机,伪造联名标识和限量编号，将其包装为某摄影师联名限量款。,young;middle;plain,true
item_tablet_01,碎屏平板,换屏平板,扩容升级平板,电子产品,500,550,0.2,BROKEN,MECHANICAL;TRENDY,trait_filler_electronics_bargain,60,屏幕右上角有蜘蛛网状裂纹，但触控和系统运行正常。,更换屏幕后显示完美，系统清理优化后性能流畅。,扩展内存并安装专业创作软件套装，配以触控笔和保护套，生产力大幅提升。,艺术家定制版,伪造定制标识和内置软件来源，将其包装为某数字艺术家定制的限量版本。,young;middle;plain,true
item_headphones_01,掉漆耳机,翻新降噪耳机,换单元改装耳机,电子产品,400,450,0.2,DIRTY,MECHANICAL;TRENDY,trait_filler_electronics_mistake,60,耳罩皮革老化起皮，头梁漆面剥落，但驱动单元出声正常。,更换耳罩和重新喷漆后外观如新，佩戴舒适。,更换为高端驱动单元并重新调音，声场和解析力显著提升。,录音室监听版,伪造型号标识和认证标签，将其包装为某唱片公司录音室专供的监听版本。,young;middle;plain,true
item_modeltrain_01,褪色火车模型,修复合金车模,改色涂装车模,收藏品,250,200,0.25,DIRTY;BROKEN,TRENDY;MECHANICAL,trait_filler_collectible_bargain,70,漆面褪色严重，车轮有一个脱落了，但底盘刻字清晰。,重新上色和修复车轮后，模型精致如初。,以手工喷涂定制配色方案，加入旧化做旧效果，呈现独特的战损风格。,限量首发版模型,伪造底盘编号和首发标识，将其包装为某品牌首发限量编号版。,middle;male;SENTIMENTAL,true
item_banknote_01,旧纸币一沓,整理后的纸钞,装裱鉴赏纸钞,收藏品,500,350,0.45,DIRTY,VINTAGE_REAL;SENTIMENTAL,trait_filler_collectible_mistake,90,一沓旧纸币用橡皮筋捆着，有些折痕和污渍。,逐张清理压平后品相改善，按面值和年代分类整理。,精选品相最佳者装入专业评级盒并制作展示相册，提升为鉴赏级收藏。,珍稀币王,伪造印刷错误特征，将其中一张普通纸币做成著名的错版印刷。,elderly;middle,true
item_belt_01,断裂皮带,修复牛皮带,铜扣改装皮带,皮具,200,170,0.2,BROKEN,SENTIMENTAL,trait_filler_leather_bargain,60,皮带扣附近有一道裂痕，带身有明显的使用弯折痕迹。,修补裂痕和保养皮面后，皮质恢复弹性和光泽。,更换为手工铸造黄铜皮带扣，带身边缘手工缝线加固，粗犷中见精致。,手工马具皮带,伪造品牌标记和产地信息，将其包装为英国百年马具工坊纯手工裁切缝制。,male;middle,true
item_redwine_01,蒙尘红酒,保存良好的红酒,精装醒酒套组,酒类,600,500,0.35,DIRTY,VINTAGE_REAL,trait_filler_alcohol_bargain,90,酒标被灰尘和蜡滴覆盖，几乎看不清年份，但酒液颜色深沉。,清洁酒瓶后酒标信息可辨，酒塞状态良好。,配以手工木质酒盒、水晶醒酒器和品鉴手册，提升为高端送礼套组。,名庄珍酿,伪造酒标年份和产区信息，将其包装为某法国名庄极优年份出品。,middle;fancy,true
item_brush_01,秃毛毛笔,修复湖笔,换毫精制笔,文房,180,140,0.3,BROKEN;DIRTY,VINTAGE_REAL;ARTISTIC,trait_filler_stationery_bargain,80,笔杆漆面剥落，笔毛分叉稀疏，但笔杆骨质手感沉稳。,重新理毫束锋后笔锋如刀，漆面修复后古朴典雅。,更换为上等紫毫笔头，笔杆重新髹漆并嵌银丝，书写手感与观赏性俱佳。,御赐紫毫,伪造宫廷赐号和御用标记，将其包装为象牙材质的宫廷御用之物。,elderly;decent,true
item_silkscarf_vintage_01,褶皱老丝巾,熨烫丝绸方巾,卷边手缝丝巾,服饰,250,200,0.25,DIRTY,VINTAGE_REAL;ARTISTIC,trait_filler_clothing_bargain,70,丝巾折痕处有些发白，但花色印染层次丰富。,熨烫平整后丝光重现，手感滑爽如水。,边缘以手工卷边缝制取代机器锁边，质感和垂坠感大幅提升。,名媛私藏丝巾,伪造品牌标签和限量编号，将其包装为某欧洲时装屋五十年代限量手绘花色。,female;middle;decent,true
item_sunglasses_01,磨花墨镜,修复品牌墨镜,换片升级墨镜,奢侈品,350,400,0.2,DIRTY,TRENDY,trait_filler_luxury_bargain,60,镜片有细微划痕，鼻托发黄，但镜架造型经典。,更换鼻托和抛光镜片后佩戴舒适，造型依然时髦。,更换为偏光防蓝光镜片，镜腿加装弹簧铰链，舒适度和功能性双重升级。,明星同款孤品,伪造定制标识和来源故事，将其包装为某国际影星定制的同款孤品。,middle;fancy;decent,true
item_oldlock_01,锈死铜锁,修复黄铜锁,改良机关铜锁,古玩,300,200,0.4,BROKEN;RUSTED,VINTAGE_REAL;MECHANICAL,trait_filler_curio_bargain,100,铜锁锈得打不开，钥匙孔几乎堵死，但锁身雕有精细花纹。,除锈开启后机关灵活，内部结构精密复杂。,增加一道隐藏机关并重新打磨花纹，机关更加精密复杂，把玩趣味倍增。,鲁班机关锁,伪造年代痕迹和传人标记，将其包装为清代鲁班锁传人所制。,elderly;middle;SENTIMENTAL,true
item_jadecong_01,土沁玉琮,清理后的玉琮,配座展陈玉琮,古玩,1500,1000,0.5,DIRTY,VINTAGE_REAL;ARTISTIC,trait_filler_curio_mistake,130,通体土沁发黄，棱角有磨损，表面纹饰模糊不清。,仔细清理后玉质渐显，神人兽面纹隐约可辨。,配以亚克力展示台和LED冷光源底座，纹饰在光线下清晰呈现，适合博物馆级展示。,良渚文化玉琮,伪造出土痕迹和碳十四检测报告，将其包装为良渚文化时期五千年前的礼器。,elderly;decent;fancy,true
item_pocketwatch_gold_01,沉甸甸的旧怀表,精修鎏金怀表,镂空艺术怀表,钟表,2400,2000,0.35,BROKEN;DIRTY,MECHANICAL;GOLD;VINTAGE_REAL,trait_engraving;trait_filler_watch_bargain,130,怀表分量十足，表壳鎏金层大面积脱落，表冠拧不动，但透过磨花的表蒙能看到精密的机芯。,机芯彻底清洗润滑后走时精准，鎏金表壳经过修补，重现昔日华贵气象。,表盖改为镂空雕花设计，可透视精密机芯运作，鎏金层以传统工艺重新施鍍。,百达翡丽古董怀表,伪造机芯编号和日内瓦档案记录，将其包装为十九世纪瑞士名厂出品的三问报时怀表。,elderly;decent;fancy;SENTIMENTAL,true
item_calligraphy_01,发霉的字轴,装裱书法立轴,双面装裱字画,艺术品,2200,1800,0.4,DIRTY,ARTISTIC;VINTAGE_REAL,trait_signature;trait_filler_art_bargain,140,轴头断裂，画心有零星霉斑，但运笔酣畅，墨色苍劲，一看便非俗手。,重新装裱后画心平整，墨色层次分明，落款印章清晰可辨。,以双面装裱工艺处理，正面书法背面配以当代画家的小品画，相得益彰。,名家行书真迹,伪造鉴藏印和著录记录，将其包装为近现代书法大师晚年力作。,elderly;decent;fancy,true
item_jadebracelet_01,暗沉的镯子,养润翡翠镯,金镶玉手镯,珠宝,2800,2500,0.4,DIRTY,GOLD;VINTAGE_REAL,trait_filler_jewelry_bargain,130,翡翠手镯颜色暗沉，表面有一层厚重的油垢，似乎放在箱底很多年了。,反复清洁后翠色渐显，水头越来越好，光线下能看到丝丝翠绿在玉肉中流动。,以足金金丝镶嵌边缘，既加固了镯体又增添了华贵感，金玉交辉。,老坑玻璃种满绿镯,伪造宝石实验室检测报告，将其包装为老坑玻璃种满绿飘翠极品翡翠。,female;elderly;decent;fancy,true
item_zishahu_01,污渍茶壶,养壶后的紫砂壶,刻绘精工紫砂壶,古董,1900,1600,0.35,DIRTY,ARTISTIC;VINTAGE_REAL,trait_kiln_mark;trait_filler_antique_bargain,130,紫砂壶通体茶垢，壶盖与壶身之间积满水垢，但泥料手感细腻，壶型端庄。,清理茶垢后泥色温润如玉，壶盖严丝合缝，出水爽利。,由陶刻师在壶身刻绘山水图案并题诗，赋予壶身独特的文人气息。,顾景舟款紫砂壶,伪造壶底款识和传承记录，将其包装为紫砂泰斗顾景舟先生中年之作。,elderly;middle;decent,true
item_coral_01,发白的摆件,清洁珊瑚雕件,配座珊瑚艺品,珠宝,1800,2200,0.4,DIRTY,ARTISTIC;VINTAGE_REAL,trait_filler_jewelry_mistake,120,珊瑚雕件表面发白发涩，雕工繁复但颜色黯淡，看不出原本的色泽。,经过专业保养后色泽回暖，雕工精细的人物面部表情栩栩如生。,配以红木底座和玻璃罩，整体呈现为高端艺术陈设品。,阿卡深红珊瑚摆件,伪造产地检测报告和年代鉴定，将其包装为天然阿卡深红珊瑚清代宫廷风格雕件。,female;elderly;decent;fancy,true
item_bonecarving_01,泛黄的雕件,清洁牙雕摆件,精修彩绘雕件,古董,2100,1700,0.4,DIRTY,VINTAGE_REAL;ARTISTIC,trait_filler_antique_bargain,130,雕件通体泛黄，细节处积满灰尘，但人物衣褶线条流畅，刀法老辣。,清洁后牙质温润，雕刻细节纤毫毕现，仕女神态婉约。,由工匠精修细节并在衣饰处施以矿物彩绘，人物更加生动传神。,清代象牙仕女,伪造年代特征和匠人标记，将其包装为清代中期宫廷牙雕，出自广州十三行名匠之手。,elderly;decent;fancy,true
item_coinset_01,锈蚀古钱一盒,整理后的历代钱币,精装古泉鉴赏套,收藏品,2500,2000,0.45,DIRTY;RUSTED,VINTAGE_REAL,trait_mold_coin;trait_filler_collectible_bargain,140,木盒里装着数十枚古钱，大多锈迹斑斑，有些甚至粘连在一起。,逐枚清理后字口清晰，按朝代排列，包浆自然深厚，品相上乘。,按朝代编排于定制锦盒中，每枚配以拓片和详细说明卡，制成系统性鉴赏套组。,珍稀铸母钱套组,伪造字口特征和铸造痕迹，将普通铜钱做成铸母钱和珍稀版别。,elderly;middle;decent,true
item_redwoodpot_01,积灰笔筒,保养红木笔筒,雕刻精修笔筒,文房,2200,1800,0.35,DIRTY,VINTAGE_REAL;ARTISTIC,trait_pit_mark;trait_filler_stationery_bargain,130,笔筒积满灰尘，木色发暗，但纹理若隐若现，分量沉实。,仔细保养打蜡后木纹如行云流水，触手温润，散发出淡淡的木香。,雕工细节精修补刻，内壁打磨抛光，配以紫檀底座，文房陈设感大幅提升。,黄花梨雕龙笔筒,伪造木材鉴定和年代特征，将其包装为海南黄花梨明代宫廷御用五爪龙纹笔筒。,elderly;decent;fancy,true
item_guanyao_01,缺釉旧瓶,修缮青花梅瓶,金缮梅瓶,古董,5500,4500,0.4,BROKEN;DIRTY,VINTAGE_REAL;ARTISTIC,trait_kiln_mark;trait_filler_antique_bargain,150,梅瓶口沿有一处缺釉，瓶身蒙尘，但青花发色沉稳，绘画线条老练。,缺釉处经金缮修复，青花纹饰洗净后层次丰富，气韵不凡。,以纯金金缮修复缺釉处并延展为装饰纹样，残缺与华美共生，成为独一无二的艺术品。,清代官窑青花梅瓶,伪造底款和鉴定记录，将其包装为清雍正官窑青花缠枝莲纹梅瓶。,elderly;decent;fancy;SENTIMENTAL,true
item_hetianyu_01,灰蒙蒙的玉雕,盘玩后的白玉件,配饰精装玉雕,珠宝,4200,3500,0.4,DIRTY,VINTAGE_REAL;ARTISTIC,trait_filler_jewelry_bargain;trait_filler_curio_bargain,140,玉雕表面灰蒙蒙的，雕工看着很细致但玉色难辨，沉甸甸的分量暗示着不凡。,耐心盘玩后玉质渐渐泛出油脂般的光泽，白度极高，雕工精湛。,配以手编五彩丝绳和足金转运珠，既可佩戴又可案头赏玩，实用与艺术兼具。,和田羊脂玉观音,伪造国家珠宝检测中心鉴定证书，将其包装为新疆和田籽料羊脂白玉大师之作。,elderly;decent;fancy;SENTIMENTAL,true
item_oilpainting_01,蒙灰的大画框,清洁修复的油画,专业装帧油画,艺术品,3800,5000,0.45,DIRTY,ARTISTIC;VINTAGE_REAL,trait_hidden_layer;trait_filler_art_mistake,150,巨大的画框积满灰尘和蛛网，画面几乎看不清，但偶尔透出的色彩斑斓令人心动。,清洁后色彩鲜艳夺目，光影变幻莫测，笔触厚重有力，极具视觉冲击力。,更换为博物馆级画框并加装专业射灯支架，画作呈现效果堪比美术馆展陈。,印象派大师遗作,伪造署名和颜料年代检测报告，将其包装为印象派某大师的遗作。,middle;decent;fancy,true
item_goldset_01,成色不明的金饰,检测纯金套饰,改款镶石金饰套,珠宝,4500,3800,0.35,DIRTY,GOLD;VINTAGE_REAL,trait_filler_jewelry_bargain,140,一套金色首饰——项链、手镯、耳环，表面发暗，成色难以判断，但做工繁复。,经过超声波清洗后金光璀璨，每件首饰上的錾刻纹饰精细入微。,在原有錾刻基础上镶嵌半宝石点缀，款式改良为现代审美，华贵而不古板。,宫廷龙凤金饰套装,伪造宫廷款式特征和皇族印记，将其包装为清代宫廷龙凤呈祥纹饰皇族嫁妆珍品。,female;elderly;decent;fancy,true
item_diamondnecklace_01,暗淡的项链,清洁钻石项链,改款镶嵌钻石链,珠宝,5000,4000,0.4,DIRTY,GOLD;ARTISTIC,trait_filler_jewelry_bargain,150,项链上镶嵌的石头灰蒙蒙的毫无光彩，链身发黑，看起来就像一串廉价饰品。,超声波清洗后钻石火彩四射，铂金链身闪耀冷冽的光泽，气场惊人。,主石重新镶嵌为更现代的爪镶设计，链身加装安全扣，华美与实用兼顾。,传世钻石套链,伪造GIA证书和珠宝世家来源档案，将其包装为欧洲百年珠宝世家传世之作。,female;decent;fancy,true