id,headline,body,category,priority,duration,sourceLabel,tags,effects,triggers,relatedChainId,triggerMailId,effectCategoryTarget,effectPriceMultiplier,effectRiskModifier,effectActionPointsModifier
news_emma_laptop_rejected,街头见闻：第12区的崩溃,"昨夜，一名年轻女性在网吧门口因无力支付终端租用费而被驱逐。目击者称，她一直在哭诉自己的笔记本电脑没能卖出去，导致错过了最后的面试邮件投递时间。在这个城市，失去连接就等于失去生命。",NARRATIVE_ECHO,100,1,[市民热线],emma;rejection;crisis,,chain_emma.stage==3;chain_emma.has_laptop==0,emma,,,,,
news_emma_body_found,警方通报：河岸发现无名女尸,昨夜在第12区运河边发现一具年轻女性尸体。死者身上未发现身份证明，仅有一张被揉皱的面试通知单。警方初步排除他杀。,NARRATIVE_ECHO,100,3,[警方通报],emma;death;extreme,,chain_emma.stage==99;chain_emma.hope<=-50,emma,mail_emma_hate,,,,
news_emma_hopeful,社区动态：人才公寓申请激增,"随着几家科技公司重新开放招聘，第12区的人才公寓申请处排起了长龙。一名刚刚递交材料的年轻女孩对记者表示：'哪怕只有1%的机会，也要试一试。'",NARRATIVE_ECHO,80,1,[社区动态],emma;positive,,chain_emma.stage==1;chain_emma.hope>50,emma,,,,,
news_emma_interview_fail,职场观察：学历通胀下的求职者,昨日中心区的一场招聘会发生混乱。数百名求职者争抢仅有的三个实习岗位。现场一名女孩在被拒后情绪失控，被保安带离。,NARRATIVE_ECHO,80,1,[职场观察],emma;negative,,chain_emma.stage==2;chain_emma.job_chance<30,emma,,,,,
news_emma_success,创业板快讯：新星崛起,"一家名为'HopeTech'的小型工作室今日获得A轮融资。创始人是一位曾在第12区挣扎的年轻女性，她表示：'有时候，你需要的只是一个没有放弃你的人。'",NARRATIVE_ECHO,90,2,[创业板快讯],emma;positive;success,,chain_emma.stage==99;chain_emma.hope>=80,emma,,,,,
news_zhao_wedding_good,社区趣闻：最特殊的证婚人,"昨日老街区一场婚礼引发关注。一位坐轮椅的老兵身着旧军装，佩戴一枚极为罕见的古董勋章为新人证婚。邻里称那是'真正的荣耀'。",NARRATIVE_ECHO,90,1,[社区趣闻],zhao;positive;success,,chain_zhao.stage==99;chain_zhao.trust>=50,zhao,,,,,
news_zhao_scandal,社会观察：变味的收藏热,"近日古玩市场流出一套带有血迹的立功档案，引发退伍军人协会强烈抗议。专家呼吁立法禁止买卖此类承载国家记忆的物品。",NARRATIVE_ECHO,95,2,[社会观察],zhao;negative;scandal,,chain_zhao.stage==99;chain_zhao.trust<=0,zhao,,,,,
news_zhao_hospital,医疗简报：老龄化社区的困境,第12区社区医院急诊室再次告急。许多患有慢性病的老人因无力支付高额押金而放弃治疗。甚至有老人通过变卖祖产来换取一周的药量。,NARRATIVE_ECHO,80,1,[医疗简报],zhao;negative,,chain_zhao.stage>=2;chain_zhao.stage<5,zhao,,,,,
news_susan_gamble,警方通报：捣毁地下赌档,"昨夜警方突袭了位于富人区边缘的一处地下扑克俱乐部。据称不少参与者是背着家人出来'寻找刺激'的全职主妇，现场查获大量用于抵押的奢侈品。",NARRATIVE_ECHO,85,2,[警方通报],susan;negative;gambling,,chain_susan.stage>=1,susan,,,,,
news_susan_family,八卦周刊：豪门恩怨,"某贸易大亨的妻子近日被传离家出走，坊间传闻与其巨额债务有关。知情人士透露，其家中的保险柜'空了一半'。",NARRATIVE_ECHO,80,1,[八卦周刊],susan;negative,,chain_susan.debt>60000,susan,,,,,
news_lin_crypto,科技前沿：显卡价格跳水,"随着虚拟货币市场崩盘，高端显卡价格一夜腰斩。大量'矿卡'流入二手市场，专家提醒消费者注意辨别。",MARKET_INTEL,70,2,[科技前沿],lin;electronics;market,appraisal|electronics_price|-40|PERCENTAGE|2,chain_lin.stage>=1,lin,,电子产品,0.6,,
news_lin_police,校园警示：宿舍盗窃案频发,"大学城警方发布预警，近期多起宿舍盗窃案均由熟人作案。丢失物品多为贵重手表、电子产品等易变现财物。",NARRATIVE_ECHO,75,1,[校园警示],lin;theft,,chain_lin.stage==0,lin,,,,,
news_market_police_raid,治安整顿：雷霆扫穴行动,"市警局宣布启动'雷霆行动'，重点打击地下销赃网络。任何持有或交易来源不明物品的店铺都将面临严厉处罚。建议商家近期谨慎收货。",MARKET_INTEL,50,3,[治安整顿],police;crackdown;risk,negotiation|stolen_risk|15|ABSOLUTE|3,reputation.Underworld>=20;day%7,,,All,1.0,50,
news_consequence_police_investigation,市场监管：违规商户曝光,"市场监督管理局通报，一家位于第12区的典当行因涉嫌收购来源不明物品被立案调查。知情人士透露，该店老板可能面临吊销执照的风险，且在社区内的信誉一落千丈。",NARRATIVE_ECHO,95,2,[市场监管],investigation;penalty;credibility,negotiation|stolen_risk|20|ABSOLUTE|2,,,,,,20,
news_market_luxury_hype,时尚风向：复古风潮回归,"某一线女星近日佩戴中古奢侈品出街，引发抢购热潮。二手市场的名牌包袋和首饰估值有望水涨船高。",MARKET_INTEL,45,2,[时尚风向],luxury;price_up,appraisal|luxury_price|30|PERCENTAGE|2,day>3,,,奢侈品,1.3,,
news_market_gold_up,财经快讯：避险情绪升温,"受国际局势动荡影响，黄金价格创下近十年新高。典当行黄金饰品的回收价格随之上涨。",MARKET_INTEL,40,2,[财经快讯],gold;jewelry;price_up,appraisal|jewelry_price|25|PERCENTAGE|2,day%4,,,珠宝,1.25,,
news_market_electronics_crash,产业新闻：芯片产能过剩,"主要芯片制造商宣布库存积压严重，电子产品新品纷纷降价促销。二手电子产品市场遭遇寒冬。",MARKET_INTEL,40,3,[产业新闻],electronics;price_down,appraisal|electronics_price|-30|PERCENTAGE|3,day>5,,mail_market_crash_tip,电子产品,0.7,,
news_market_art_scam,收藏警示：赝品字画泛滥,"近期一批高仿古董字画流入本市。专家提醒，鉴别难度极大，建议非专业人士暂停相关交易。",MARKET_INTEL,45,2,[收藏警示],antique;fake;risk,appraisal|antique_price|-20|PERCENTAGE|2;appraisal|antique_fake_risk|10|ABSOLUTE|2,day>2,,,古玩,0.8,10,
news_flavor_rain,天气预报：酸性降雨持续,"气象局发布橙色预警。受工业区回流气流影响，未来24小时本市将迎来持续酸雨。这种压抑的天气让人极易疲劳。",FLAVOR,10,1,[天气预报],weather;debuff,player|action_points|-2|ABSOLUTE|1,day%3,,,,,,,-2
news_flavor_holiday,节日通知：联合会庆典,"明天是城市联合会成立纪念日。虽然没有假期，但商业街的节日气氛浓厚，人们更愿意消费。",FLAVOR,10,1,[节日通知],holiday;buff,appraisal|luxury_price|10|PERCENTAGE|1;player|action_points|2|ABSOLUTE|1,day==5;day==10,,,奢侈品,1.1,,2
news_flavor_inflation,经济简报：房租指数上涨,"由于中心区改造计划搁置，边缘街区租金并未如期下调。对于小微企业主来说，这个冬天依然寒冷。",FLAVOR,5,1,[经济简报],economy;atmosphere,,day%5,,,,,
news_flavor_power,市政公告：区域限电通知,"由于能源供应紧张，第12区将在夜间实行间歇性供电。请商户提前做好数据备份并注意安防。",FLAVOR,8,1,[市政公告],infrastructure;debuff,player|action_points|-1|ABSOLUTE|1,day%4,,,,,,,-1
news_flavor_traffic,交通路况：高架桥严重拥堵,"前往第12区的主干道发生连环追尾事故。预计今日客流量将受到明显影响。",FLAVOR,5,1,[交通路况],traffic;atmosphere,,day%6,,,,,
news_violation_low,市场监管：抽查商户资质,"市场监督管理局对第12区多家商铺进行例行抽查，重点检查物品来源凭证。部分商家因手续不齐被要求限期整改。",NARRATIVE_ECHO,60,1,[市场监管],violation;low,,,,,,,
news_violation_medium,市场监管：典当行被约谈,"一家位于第12区的典当行因涉嫌收购可疑物品被监管部门约谈。该行暂停部分业务配合调查。社区居民对此议论纷纷。",NARRATIVE_ECHO,80,2,[市场监管],violation;medium,negotiation|stolen_risk|10|ABSOLUTE|2,,,,,,
news_violation_high,市场监管：典当行被立案调查,"市场监督管理局通报，一家位于第12区的典当行因涉嫌收购来源不明物品被立案调查。知情人士透露，该店老板可能面临吊销执照的风险。",NARRATIVE_ECHO,95,2,[市场监管],violation;high;investigation,negotiation|stolen_risk|20|ABSOLUTE|2,,,,,,
