id,name,description,riskNote
restore_clean,清洁,"深度清洁物品，去除岁月的污垢。最低门槛操作，仅消耗精力。",
restore_derust,除锈,"去除锈蚀，恢复金属光泽。基础金属修复。",
restore_broken_mechanical,机械修复,"修复物理损坏，恢复精密机械的完整性。需要了解内部结构。",
restore_broken_artistic,艺术修复,"以审美判断修复艺术品的破损，恢复其美感与完整性。",
restore_full_refurbish,全面翻新,"一次性清除所有瑕疵，高阶修复操作。",
counterfeit_fake_history,做旧伪造,"通过做旧处理，让物品看起来更有年代感。伪造历史痕迹。","如果被识破，物品价值会大幅下降。"
reforge_art_enhanced,艺术升华,"对物品进行艺术再创作，赋予其全新的艺术灵魂。","艺术品的价值高度主观，市场评价可能因人而异。"
reforge_imperial,宫廷御制,"为物品编造皇室或宫廷的出处。这是最高级的""故事""，也是最危险的。需要Day 15后解锁。","宫廷物品有严格的档案记录，编造故事风险极高。品质可能浮动。"
counterfeit_master_forgery,大师级伪造,"倾注全部技艺，打造足以欺骗专家的顶级赝品。极高收益，但失败风险不容忽视。需要两夜连续操作。","大师级伪造需要极高的精魄积累。成功则暴利，失败则血本无归。需要连续两夜操作。"
